Geography,North American Industry Classification System (NAICS),REF-Date,GDP
Newfoundland and Labrador,All industries  [T001] 5,2013,"30,873.00"
,,2014,"30,563.20"
,,2015,"30,194.20"
,,2016,"30,602.90"
,,2017,"31,002.70"
,,2018,"30,178.90"
,,2019,"31,359.10"
,,2020,"29,914.20"
,,2021,"30,230.70"
,,2022,"29,902.10"
,,2023,"28,949.30"
,"Agriculture, forestry, fishing and hunting  [11]",2013,902.3
,,2014,765.6
,,2015,783.6
,,2016,683.5
,,2017,596.9
,,2018,556.4
,,2019,508.1
,,2020,460.4
,,2021,550.2
,,2022,619.8
,,2023,605.6
,"Mining, quarrying, and oil and gas extraction  [21]",2013,"6,777.80"
,,2014,"6,385.30"
,,2015,"5,827.70"
,,2016,"6,658.00"
,,2017,"7,311.50"
,,2018,"7,147.40"
,,2019,"8,162.20"
,,2020,"8,473.60"
,,2021,"8,113.10"
,,2022,"7,404.20"
,,2023,"6,435.10"
,Utilities  [22],2013,710.3
,,2014,552.7
,,2015,620.4
,,2016,570.4
,,2017,580.3
,,2018,598.3
,,2019,634.8
,,2020,620.6
,,2021,651.8
,,2022,682.5
,,2023,755.7
,Construction  [23],2013,"3,907.60"
,,2014,"4,299.10"
,,2015,"4,195.40"
,,2016,"4,004.50"
,,2017,"3,828.00"
,,2018,"2,831.90"
,,2019,"2,816.20"
,,2020,"2,461.60"
,,2021,"2,248.30"
,,2022,"2,221.90"
,,2023,"2,279.60"
,Manufacturing  [31-33],2013,"1,180.70"
,,2014,"1,166.50"
,,2015,"1,402.10"
,,2016,"1,288.20"
,,2017,"1,285.10"
,,2018,"1,334.80"
,,2019,"1,300.40"
,,2020,992.6
,,2021,"1,139.00"
,,2022,968.1
,,2023,916.2
,Wholesale trade  [41],2013,775.9
,,2014,753.2
,,2015,731.1
,,2016,702.9
,,2017,687.8
,,2018,676.3
,,2019,687.5
,,2020,664.6
,,2021,679.2
,,2022,693.2
,,2023,696.7
,Retail trade  [44-45],2013,"1,686.90"
,,2014,"1,676.20"
,,2015,"1,639.30"
,,2016,"1,638.60"
,,2017,"1,629.50"
,,2018,"1,620.50"
,,2019,"1,646.10"
,,2020,"1,591.10"
,,2021,"1,658.80"
,,2022,"1,680.70"
,,2023,"1,722.20"
,Transportation and warehousing  [48-49],2013,808.2
,,2014,882.1
,,2015,944.2
,,2016,973
,,2017,"1,007.30"
,,2018,994.8
,,2019,"1,001.00"
,,2020,794.1
,,2021,758.4
,,2022,945.5
,,2023,967.5
,Information and cultural industries  [51],2013,699.2
,,2014,681.9
,,2015,703.2
,,2016,725.2
,,2017,706.9
,,2018,740.6
,,2019,768.3
,,2020,705.8
,,2021,725.2
,,2022,758.7
,,2023,746
,Finance and insurance  [52],2013,943.2
,,2014,942.7
,,2015,961
,,2016,978.1
,,2017,979.3
,,2018,972.1
,,2019,932.1
,,2020,946.8
,,2021,"1,005.40"
,,2022,967.2
,,2023,977.9
,Real estate and rental and leasing  [53],2013,"2,744.40"
,,2014,"2,848.30"
,,2015,"2,891.50"
,,2016,"2,932.00"
,,2017,"2,967.40"
,,2018,"3,019.90"
,,2019,"3,015.70"
,,2020,"2,977.80"
,,2021,"3,013.90"
,,2022,"3,090.20"
,,2023,"3,107.50"
,"Professional, scientific and technical services  [54]",2013,897.5
,,2014,965.8
,,2015,997.8
,,2016,986.8
,,2017,"1,009.50"
,,2018,"1,085.90"
,,2019,"1,154.50"
,,2020,"1,085.10"
,,2021,"1,113.90"
,,2022,"1,116.00"
,,2023,"1,216.00"
,Management of companies and enterprises  [55],2013,122.7
,,2014,110.1
,,2015,108.6
,,2016,90.1
,,2017,84.1
,,2018,66.2
,,2019,51.9
,,2020,37.6
,,2021,24.8
,,2022,17.2
,,2023,12
,"Administrative and support, waste management and remediation services  [56]",2013,405.4
,,2014,420.8
,,2015,410.3
,,2016,441
,,2017,436.3
,,2018,424.7
,,2019,432.5
,,2020,361.8
,,2021,366
,,2022,464.1
,,2023,491.1
,Educational services  [61],2013,"1,776.80"
,,2014,"1,746.30"
,,2015,"1,731.00"
,,2016,"1,756.20"
,,2017,"1,741.80"
,,2018,"1,799.30"
,,2019,"1,768.80"
,,2020,"1,686.80"
,,2021,"1,740.70"
,,2022,"1,729.00"
,,2023,"1,734.00"
,Health care and social assistance  [62],2013,"2,585.90"
,,2014,"2,590.60"
,,2015,"2,604.50"
,,2016,"2,624.70"
,,2017,"2,617.50"
,,2018,"2,683.40"
,,2019,"2,701.20"
,,2020,"2,688.00"
,,2021,"2,827.80"
,,2022,"3,026.50"
,,2023,"3,096.90"
,"Arts, entertainment and recreation  [71]",2013,78.7
,,2014,78.3
,,2015,79.2
,,2016,92.3
,,2017,99.4
,,2018,93.6
,,2019,91.9
,,2020,62
,,2021,66.5
,,2022,76.9
,,2023,83.9
,Accommodation and food services  [72],2013,547.7
,,2014,585.5
,,2015,594.2
,,2016,593.9
,,2017,594.2
,,2018,581.2
,,2019,604.5
,,2020,393.8
,,2021,476.2
,,2022,590.1
,,2023,620.7
,Other services (except public administration)  [81],2013,526.1
,,2014,527.1
,,2015,527.6
,,2016,507.7
,,2017,518.2
,,2018,525.9
,,2019,514.1
,,2020,439.7
,,2021,479.1
,,2022,501.7
,,2023,524.3
,Public administration  [91],2013,"2,334.80"
,,2014,"2,294.70"
,,2015,"2,311.40"
,,2016,"2,304.80"
,,2017,"2,321.80"
,,2018,"2,421.70"
,,2019,"2,448.70"
,,2020,"2,366.00"
,,2021,"2,545.40"
,,2022,"2,585.00"
,,2023,"2,563.60"
Prince Edward Island,All industries  [T001] 5,2013,"5,668.80"
,,2014,"5,673.60"
,,2015,"5,761.70"
,,2016,"5,886.10"
,,2017,"6,156.60"
,,2018,"6,270.00"
,,2019,"6,562.20"
,,2020,"6,378.80"
,,2021,"6,876.80"
,,2022,"7,223.70"
,,2023,"7,433.00"
,"Agriculture, forestry, fishing and hunting  [11]",2013,437.6
,,2014,414.4
,,2015,415.1
,,2016,427.3
,,2017,441.9
,,2018,431.4
,,2019,494.6
,,2020,414.9
,,2021,534.8
,,2022,546.9
,,2023,520.8
,"Mining, quarrying, and oil and gas extraction  [21]",2013,2.8
,,2014,3.2
,,2015,2.8
,,2016,5.1
,,2017,5.4
,,2018,3.8
,,2019,3.4
,,2020,3.2
,,2021,3.3
,,2022,2.1
,,2023,2.2
,Utilities  [22],2013,82.9
,,2014,83.2
,,2015,82.1
,,2016,85
,,2017,95.2
,,2018,98.3
,,2019,101.2
,,2020,98.5
,,2021,101.4
,,2022,106.2
,,2023,112
,Construction  [23],2013,346.9
,,2014,308
,,2015,292
,,2016,318.3
,,2017,393.2
,,2018,408.5
,,2019,469.5
,,2020,487.9
,,2021,591.9
,,2022,591.6
,,2023,518.7
,Manufacturing  [31-33],2013,459.7
,,2014,498.8
,,2015,580.2
,,2016,626.5
,,2017,690.9
,,2018,700.4
,,2019,725.7
,,2020,741.5
,,2021,706.2
,,2022,784.6
,,2023,853.3
,Wholesale trade  [41],2013,134
,,2014,134.9
,,2015,121.4
,,2016,120.6
,,2017,122.8
,,2018,126.7
,,2019,138.1
,,2020,139.6
,,2021,148
,,2022,149.6
,,2023,137.5
,Retail trade  [44-45],2013,399.5
,,2014,396.4
,,2015,395.4
,,2016,409.2
,,2017,404.5
,,2018,419.6
,,2019,434.7
,,2020,427.3
,,2021,468.5
,,2022,473.1
,,2023,490.7
,Transportation and warehousing  [48-49],2013,180.5
,,2014,184.9
,,2015,196.9
,,2016,210
,,2017,221.9
,,2018,215.1
,,2019,210
,,2020,160.9
,,2021,164.2
,,2022,187.1
,,2023,188.3
,Information and cultural industries  [51],2013,163.1
,,2014,170.8
,,2015,180.2
,,2016,175.3
,,2017,173
,,2018,157.2
,,2019,162.1
,,2020,163.2
,,2021,167.5
,,2022,178.4
,,2023,191.9
,Finance and insurance  [52],2013,292
,,2014,292.8
,,2015,300.4
,,2016,303.1
,,2017,323.8
,,2018,324.3
,,2019,321.8
,,2020,329.5
,,2021,330.8
,,2022,329
,,2023,334.5
,Real estate and rental and leasing  [53],2013,716.6
,,2014,723.8
,,2015,736.6
,,2016,747.8
,,2017,774.1
,,2018,804.5
,,2019,835.4
,,2020,874.4
,,2021,916.4
,,2022,977.6
,,2023,"1,015.60"
,"Professional, scientific and technical services  [54]",2013,151
,,2014,150.3
,,2015,170.5
,,2016,182.6
,,2017,198.1
,,2018,207.1
,,2019,220.5
,,2020,222.8
,,2021,242.7
,,2022,263.7
,,2023,293.6
,Management of companies and enterprises  [55],2013,37.6
,,2014,34.4
,,2015,30.7
,,2016,25.2
,,2017,21
,,2018,17.3
,,2019,14.4
,,2020,9.5
,,2021,6.1
,,2022,4.5
,,2023,3.2
,"Administrative and support, waste management and remediation services  [56]",2013,161.3
,,2014,160.2
,,2015,149.6
,,2016,121.5
,,2017,120.8
,,2018,123.5
,,2019,119.1
,,2020,106.8
,,2021,121.9
,,2022,118
,,2023,119.3
,Educational services  [61],2013,420.2
,,2014,418
,,2015,412.8
,,2016,411.2
,,2017,420
,,2018,429.3
,,2019,432.5
,,2020,423
,,2021,451.6
,,2022,453.1
,,2023,485.5
,Health care and social assistance  [62],2013,595.8
,,2014,611.4
,,2015,618.2
,,2016,628.4
,,2017,636.8
,,2018,651.7
,,2019,681.7
,,2020,668.1
,,2021,719.5
,,2022,737.6
,,2023,766.5
,"Arts, entertainment and recreation  [71]",2013,59
,,2014,59.6
,,2015,53
,,2016,52.1
,,2017,51.7
,,2018,56
,,2019,59.6
,,2020,46.3
,,2021,50.6
,,2022,71.2
,,2023,76
,Accommodation and food services  [72],2013,168.1
,,2014,174.1
,,2015,176
,,2016,184.4
,,2017,188.4
,,2018,193.6
,,2019,213.3
,,2020,146
,,2021,200.7
,,2022,251.7
,,2023,259.3
,Other services (except public administration)  [81],2013,125.5
,,2014,129.8
,,2015,125.5
,,2016,123.7
,,2017,130.3
,,2018,133
,,2019,136.1
,,2020,123.1
,,2021,137.1
,,2022,144.6
,,2023,155.7
,Public administration  [91],2013,740.6
,,2014,727.8
,,2015,724.4
,,2016,730.2
,,2017,742.7
,,2018,768.2
,,2019,792.3
,,2020,787.4
,,2021,837.8
,,2022,870.9
,,2023,919.8
Nova Scotia,All industries  [T001] 5,2013,"37,296.70"
,,2014,"37,695.70"
,,2015,"38,016.70"
,,2016,"38,593.30"
,,2017,"39,329.20"
,,2018,"40,065.50"
,,2019,"41,449.70"
,,2020,"39,612.10"
,,2021,"42,167.10"
,,2022,"44,279.30"
,,2023,"45,333.50"
,"Agriculture, forestry, fishing and hunting  [11]",2013,"1,459.10"
,,2014,"1,489.10"
,,2015,"1,467.20"
,,2016,"1,403.40"
,,2017,"1,340.60"
,,2018,"1,269.70"
,,2019,"1,358.50"
,,2020,"1,176.50"
,,2021,"1,229.40"
,,2022,"1,218.40"
,,2023,"1,189.50"
,"Mining, quarrying, and oil and gas extraction  [21]",2013,327
,,2014,463.4
,,2015,264.2
,,2016,249.6
,,2017,255.2
,,2018,310.7
,,2019,296.1
,,2020,284.2
,,2021,218.6
,,2022,249.4
,,2023,238.4
,Utilities  [22],2013,783.3
,,2014,809.9
,,2015,802
,,2016,838.2
,,2017,842.3
,,2018,865
,,2019,872.8
,,2020,857.9
,,2021,878.9
,,2022,884.1
,,2023,876.7
,Construction  [23],2013,"2,245.00"
,,2014,"2,110.20"
,,2015,"2,101.30"
,,2016,"2,264.20"
,,2017,"2,483.70"
,,2018,"2,230.40"
,,2019,"2,508.20"
,,2020,"2,413.00"
,,2021,"2,775.60"
,,2022,"3,137.20"
,,2023,"3,049.70"
,Manufacturing  [31-33],2013,"2,688.10"
,,2014,"2,730.20"
,,2015,"2,774.60"
,,2016,"2,762.10"
,,2017,"2,794.20"
,,2018,"2,893.60"
,,2019,"3,090.30"
,,2020,"2,920.10"
,,2021,"3,252.10"
,,2022,"3,162.30"
,,2023,"3,137.00"
,Wholesale trade  [41],2013,"1,249.00"
,,2014,"1,305.10"
,,2015,"1,318.20"
,,2016,"1,275.90"
,,2017,"1,225.10"
,,2018,"1,243.50"
,,2019,"1,298.30"
,,2020,"1,289.90"
,,2021,"1,353.70"
,,2022,"1,393.90"
,,2023,"1,381.60"
,Retail trade  [44-45],2013,"2,398.80"
,,2014,"2,390.80"
,,2015,"2,487.50"
,,2016,"2,579.20"
,,2017,"2,628.70"
,,2018,"2,668.40"
,,2019,"2,772.30"
,,2020,"2,658.40"
,,2021,"2,885.90"
,,2022,"3,015.50"
,,2023,"3,170.40"
,Transportation and warehousing  [48-49],2013,"1,239.80"
,,2014,"1,252.30"
,,2015,"1,260.20"
,,2016,"1,282.30"
,,2017,"1,363.10"
,,2018,"1,373.40"
,,2019,"1,400.80"
,,2020,"1,060.20"
,,2021,"1,113.70"
,,2022,"1,339.40"
,,2023,"1,380.80"
,Information and cultural industries  [51],2013,"1,185.40"
,,2014,"1,173.60"
,,2015,"1,230.40"
,,2016,"1,281.40"
,,2017,"1,261.30"
,,2018,"1,326.40"
,,2019,"1,395.90"
,,2020,"1,312.60"
,,2021,"1,426.70"
,,2022,"1,502.90"
,,2023,"1,566.80"
,Finance and insurance  [52],2013,"1,992.70"
,,2014,"1,969.50"
,,2015,"2,029.50"
,,2016,"2,119.80"
,,2017,"2,229.80"
,,2018,"2,270.80"
,,2019,"2,334.40"
,,2020,"2,369.00"
,,2021,"2,592.50"
,,2022,"2,631.20"
,,2023,"2,703.10"
,Real estate and rental and leasing  [53],2013,"5,774.20"
,,2014,"5,817.50"
,,2015,"5,937.70"
,,2016,"6,098.00"
,,2017,"6,337.50"
,,2018,"6,514.60"
,,2019,"6,615.30"
,,2020,"6,715.60"
,,2021,"6,817.10"
,,2022,"7,214.80"
,,2023,"7,426.60"
,"Professional, scientific and technical services  [54]",2013,"1,501.20"
,,2014,"1,574.70"
,,2015,"1,665.20"
,,2016,"1,675.80"
,,2017,"1,732.00"
,,2018,"1,796.10"
,,2019,"1,897.10"
,,2020,"1,866.00"
,,2021,"2,034.10"
,,2022,"2,320.00"
,,2023,"2,406.20"
,Management of companies and enterprises  [55],2013,142.2
,,2014,129.3
,,2015,127
,,2016,104.3
,,2017,101.5
,,2018,83
,,2019,66.8
,,2020,49
,,2021,30
,,2022,21.5
,,2023,15
,"Administrative and support, waste management and remediation services  [56]",2013,832.4
,,2014,847.2
,,2015,846.7
,,2016,832
,,2017,843.5
,,2018,880.7
,,2019,883.8
,,2020,759.2
,,2021,820.1
,,2022,873
,,2023,887.7
,Educational services  [61],2013,"2,630.80"
,,2014,"2,662.70"
,,2015,"2,666.70"
,,2016,"2,669.40"
,,2017,"2,682.20"
,,2018,"2,787.80"
,,2019,"2,823.70"
,,2020,"2,779.80"
,,2021,"2,936.00"
,,2022,"2,956.00"
,,2023,"3,073.30"
,Health care and social assistance  [62],2013,"3,969.70"
,,2014,"4,110.50"
,,2015,"4,140.40"
,,2016,"4,177.30"
,,2017,"4,177.40"
,,2018,"4,342.50"
,,2019,"4,442.70"
,,2020,"4,404.80"
,,2021,"4,540.30"
,,2022,"4,725.90"
,,2023,"4,948.70"
,"Arts, entertainment and recreation  [71]",2013,199.3
,,2014,199.6
,,2015,203.9
,,2016,212.5
,,2017,218.2
,,2018,227.7
,,2019,226.1
,,2020,154.1
,,2021,189.9
,,2022,228.9
,,2023,253.3
,Accommodation and food services  [72],2013,921.6
,,2014,954.4
,,2015,963.3
,,2016,"1,052.60"
,,2017,"1,081.10"
,,2018,"1,069.20"
,,2019,"1,095.90"
,,2020,689.9
,,2021,870.1
,,2022,"1,115.10"
,,2023,"1,171.00"
,Other services (except public administration)  [81],2013,789.3
,,2014,790.7
,,2015,778.1
,,2016,771.9
,,2017,794
,,2018,816
,,2019,828.2
,,2020,731
,,2021,802.5
,,2022,889
,,2023,916.5
,Public administration  [91],2013,"4,990.10"
,,2014,"4,919.50"
,,2015,"4,974.10"
,,2016,"4,949.80"
,,2017,"4,937.90"
,,2018,"5,097.30"
,,2019,"5,246.50"
,,2020,"5,143.30"
,,2021,"5,460.70"
,,2022,"5,458.30"
,,2023,"5,601.00"
New Brunswick,All industries  [T001] 5,2013,"31,091.60"
,,2014,"31,113.80"
,,2015,"31,404.50"
,,2016,"31,692.30"
,,2017,"32,456.60"
,,2018,"32,916.70"
,,2019,"33,364.00"
,,2020,"32,192.40"
,,2021,"33,951.90"
,,2022,"34,661.60"
,,2023,"35,408.50"
,"Agriculture, forestry, fishing and hunting  [11]",2013,"1,143.00"
,,2014,"1,174.80"
,,2015,"1,214.10"
,,2016,"1,207.10"
,,2017,"1,249.80"
,,2018,"1,122.20"
,,2019,"1,297.20"
,,2020,"1,172.30"
,,2021,"1,293.40"
,,2022,"1,190.10"
,,2023,"1,159.00"
,"Mining, quarrying, and oil and gas extraction  [21]",2013,444.9
,,2014,345.7
,,2015,369
,,2016,310.9
,,2017,321.5
,,2018,287.7
,,2019,265.2
,,2020,243.7
,,2021,262.7
,,2022,274.2
,,2023,215.5
,Utilities  [22],2013,964.8
,,2014,"1,032.10"
,,2015,991.9
,,2016,960.2
,,2017,"1,012.70"
,,2018,"1,030.40"
,,2019,"1,149.20"
,,2020,"1,158.40"
,,2021,"1,272.00"
,,2022,"1,271.60"
,,2023,"1,526.50"
,Construction  [23],2013,"1,927.90"
,,2014,"1,912.90"
,,2015,"1,958.50"
,,2016,"1,999.80"
,,2017,"2,225.10"
,,2018,"2,357.60"
,,2019,"2,113.20"
,,2020,"2,199.90"
,,2021,"2,296.10"
,,2022,"2,608.30"
,,2023,"2,566.10"
,Manufacturing  [31-33],2013,"2,942.70"
,,2014,"2,937.80"
,,2015,"2,989.90"
,,2016,"2,957.90"
,,2017,"3,074.90"
,,2018,"3,074.10"
,,2019,"3,163.40"
,,2020,"3,035.70"
,,2021,"3,246.50"
,,2022,"3,115.90"
,,2023,"3,053.80"
,Wholesale trade  [41],2013,"1,196.10"
,,2014,"1,114.00"
,,2015,"1,072.90"
,,2016,"1,050.40"
,,2017,"1,050.20"
,,2018,"1,066.50"
,,2019,"1,138.50"
,,2020,"1,121.90"
,,2021,"1,174.90"
,,2022,"1,179.30"
,,2023,"1,131.60"
,Retail trade  [44-45],2013,"1,837.60"
,,2014,"1,915.60"
,,2015,"1,949.90"
,,2016,"1,942.80"
,,2017,"2,045.90"
,,2018,"2,085.50"
,,2019,"2,144.20"
,,2020,"2,107.90"
,,2021,"2,245.90"
,,2022,"2,272.10"
,,2023,"2,368.30"
,Transportation and warehousing  [48-49],2013,"1,484.70"
,,2014,"1,498.20"
,,2015,"1,571.70"
,,2016,"1,643.30"
,,2017,"1,713.00"
,,2018,"1,624.10"
,,2019,"1,593.60"
,,2020,"1,435.50"
,,2021,"1,415.70"
,,2022,"1,448.70"
,,2023,"1,481.10"
,Information and cultural industries  [51],2013,904.7
,,2014,921.8
,,2015,908.5
,,2016,920.5
,,2017,922.4
,,2018,992.9
,,2019,"1,057.90"
,,2020,"1,051.00"
,,2021,"1,104.00"
,,2022,"1,109.20"
,,2023,"1,177.00"
,Finance and insurance  [52],2013,"1,612.10"
,,2014,"1,648.50"
,,2015,"1,692.70"
,,2016,"1,736.60"
,,2017,"1,858.50"
,,2018,"1,889.10"
,,2019,"1,908.80"
,,2020,"1,940.70"
,,2021,"2,061.70"
,,2022,"2,046.40"
,,2023,"2,145.70"
,Real estate and rental and leasing  [53],2013,"3,787.60"
,,2014,"3,812.10"
,,2015,"3,885.80"
,,2016,"3,950.80"
,,2017,"4,026.00"
,,2018,"4,128.00"
,,2019,"4,175.90"
,,2020,"4,202.10"
,,2021,"4,225.60"
,,2022,"4,411.60"
,,2023,"4,535.40"
,"Professional, scientific and technical services  [54]",2013,"1,043.30"
,,2014,"1,025.30"
,,2015,"1,040.90"
,,2016,"1,075.30"
,,2017,"1,084.00"
,,2018,"1,137.00"
,,2019,"1,162.60"
,,2020,"1,117.00"
,,2021,"1,281.60"
,,2022,"1,408.00"
,,2023,"1,479.10"
,Management of companies and enterprises  [55],2013,142.2
,,2014,129.8
,,2015,122
,,2016,101.4
,,2017,99.3
,,2018,95.3
,,2019,77.6
,,2020,59.7
,,2021,42.3
,,2022,27.7
,,2023,19.4
,"Administrative and support, waste management and remediation services  [56]",2013,"1,296.00"
,,2014,"1,320.80"
,,2015,"1,339.00"
,,2016,"1,302.80"
,,2017,"1,244.00"
,,2018,"1,242.90"
,,2019,"1,180.70"
,,2020,"1,031.90"
,,2021,"1,114.70"
,,2022,802.8
,,2023,813.9
,Educational services  [61],2013,"1,985.70"
,,2014,"2,009.50"
,,2015,"1,938.80"
,,2016,"2,038.80"
,,2017,"1,977.90"
,,2018,"2,018.10"
,,2019,"2,049.70"
,,2020,"1,996.90"
,,2021,"2,110.80"
,,2022,"2,176.40"
,,2023,"2,238.50"
,Health care and social assistance  [62],2013,"3,131.60"
,,2014,"3,101.30"
,,2015,"3,129.20"
,,2016,"3,226.80"
,,2017,"3,228.10"
,,2018,"3,302.60"
,,2019,"3,360.90"
,,2020,"3,300.30"
,,2021,"3,455.60"
,,2022,"3,788.60"
,,2023,"3,869.30"
,"Arts, entertainment and recreation  [71]",2013,191
,,2014,181
,,2015,156.4
,,2016,155.5
,,2017,162.3
,,2018,165.9
,,2019,178.2
,,2020,126.4
,,2021,150.3
,,2022,161.5
,,2023,170.1
,Accommodation and food services  [72],2013,669.3
,,2014,696.9
,,2015,741.4
,,2016,768.1
,,2017,759.7
,,2018,762
,,2019,774
,,2020,511.4
,,2021,610.4
,,2022,752.3
,,2023,799.9
,Other services (except public administration)  [81],2013,633.4
,,2014,632.2
,,2015,613.6
,,2016,593.7
,,2017,607.6
,,2018,636.1
,,2019,636.8
,,2020,574.2
,,2021,619.8
,,2022,655.6
,,2023,679
,Public administration  [91],2013,"3,743.00"
,,2014,"3,698.40"
,,2015,"3,715.90"
,,2016,"3,753.30"
,,2017,"3,793.70"
,,2018,"3,905.60"
,,2019,"3,957.70"
,,2020,"3,840.00"
,,2021,"4,021.30"
,,2022,"4,056.30"
,,2023,"4,148.30"
Quebec,All industries  [T001] 5,2013,"359,780.00"
,,2014,"365,536.80"
,,2015,"369,475.50"
,,2016,"375,559.40"
,,2017,"386,407.80"
,,2018,"398,499.00"
,,2019,"410,377.20"
,,2020,"390,700.50"
,,2021,"418,733.80"
,,2022,"437,136.80"
,,2023,"440,090.80"
,"Agriculture, forestry, fishing and hunting  [11]",2013,"6,527.10"
,,2014,"6,594.00"
,,2015,"6,628.40"
,,2016,"6,664.40"
,,2017,"6,700.40"
,,2018,"6,571.10"
,,2019,"6,700.20"
,,2020,"6,302.40"
,,2021,"6,171.70"
,,2022,"6,411.80"
,,2023,"6,160.60"
,"Mining, quarrying, and oil and gas extraction  [21]",2013,"3,982.60"
,,2014,"4,525.60"
,,2015,"4,931.00"
,,2016,"5,034.60"
,,2017,"5,460.20"
,,2018,"5,770.90"
,,2019,"5,682.70"
,,2020,"5,493.90"
,,2021,"5,792.30"
,,2022,"5,866.30"
,,2023,"6,209.50"
,Utilities  [22],2013,"12,389.70"
,,2014,"12,671.10"
,,2015,"12,769.00"
,,2016,"12,875.80"
,,2017,"12,987.50"
,,2018,"13,232.30"
,,2019,"13,325.10"
,,2020,"12,943.00"
,,2021,"13,359.50"
,,2022,"14,026.40"
,,2023,"12,984.40"
,Construction  [23],2013,"25,461.80"
,,2014,"24,546.60"
,,2015,"24,658.20"
,,2016,"24,413.30"
,,2017,"25,953.00"
,,2018,"27,229.10"
,,2019,"28,314.20"
,,2020,"28,157.60"
,,2021,"30,715.50"
,,2022,"30,462.20"
,,2023,"29,657.60"
,Manufacturing  [31-33],2013,"49,897.60"
,,2014,"51,622.60"
,,2015,"52,266.30"
,,2016,"51,806.40"
,,2017,"53,547.60"
,,2018,"54,967.90"
,,2019,"55,725.90"
,,2020,"50,818.50"
,,2021,"54,433.20"
,,2022,"56,175.30"
,,2023,"55,695.50"
,Wholesale trade  [41],2013,"19,844.80"
,,2014,"20,588.20"
,,2015,"20,346.00"
,,2016,"20,577.60"
,,2017,"21,090.70"
,,2018,"21,778.50"
,,2019,"23,030.10"
,,2020,"23,220.40"
,,2021,"24,881.20"
,,2022,"24,570.00"
,,2023,"23,713.70"
,Retail trade  [44-45],2013,"20,994.70"
,,2014,"20,835.60"
,,2015,"21,054.20"
,,2016,"22,036.70"
,,2017,"22,350.40"
,,2018,"23,111.70"
,,2019,"23,426.20"
,,2020,"22,810.70"
,,2021,"24,693.80"
,,2022,"25,234.60"
,,2023,"26,083.30"
,Transportation and warehousing  [48-49],2013,"14,869.40"
,,2014,"15,451.00"
,,2015,"15,720.30"
,,2016,"16,607.90"
,,2017,"17,262.40"
,,2018,"17,652.00"
,,2019,"18,211.80"
,,2020,"13,494.80"
,,2021,"14,224.60"
,,2022,"17,081.90"
,,2023,"18,033.80"
,Information and cultural industries  [51],2013,"10,426.50"
,,2014,"10,164.80"
,,2015,"10,678.30"
,,2016,"10,760.10"
,,2017,"11,199.70"
,,2018,"11,502.70"
,,2019,"12,159.40"
,,2020,"12,222.70"
,,2021,"12,476.70"
,,2022,"13,454.90"
,,2023,"13,976.40"
,Finance and insurance  [52],2013,"19,540.50"
,,2014,"19,778.10"
,,2015,"20,538.30"
,,2016,"21,573.20"
,,2017,"23,015.00"
,,2018,"23,913.30"
,,2019,"24,657.70"
,,2020,"25,447.00"
,,2021,"27,568.70"
,,2022,"28,248.70"
,,2023,"28,670.70"
,Real estate and rental and leasing  [53],2013,"39,471.10"
,,2014,"40,217.90"
,,2015,"41,403.30"
,,2016,"42,142.40"
,,2017,"43,192.40"
,,2018,"44,541.80"
,,2019,"45,580.10"
,,2020,"46,141.30"
,,2021,"47,896.50"
,,2022,"48,757.20"
,,2023,"49,229.00"
,"Professional, scientific and technical services  [54]",2013,"21,403.60"
,,2014,"22,127.40"
,,2015,"21,486.70"
,,2016,"22,651.40"
,,2017,"23,370.20"
,,2018,"24,753.00"
,,2019,"26,170.50"
,,2020,"26,618.50"
,,2021,"30,219.30"
,,2022,"32,743.70"
,,2023,"33,978.30"
,Management of companies and enterprises  [55],2013,"2,489.50"
,,2014,"2,334.70"
,,2015,"2,185.70"
,,2016,"1,910.10"
,,2017,"1,823.30"
,,2018,"1,462.70"
,,2019,"1,194.20"
,,2020,839.7
,,2021,562.8
,,2022,378.8
,,2023,265.1
,"Administrative and support, waste management and remediation services  [56]",2013,"10,858.50"
,,2014,"10,981.90"
,,2015,"11,028.20"
,,2016,"10,966.40"
,,2017,"11,106.50"
,,2018,"11,295.20"
,,2019,"11,523.70"
,,2020,"9,569.50"
,,2021,"10,770.20"
,,2022,"11,519.70"
,,2023,"11,793.80"
,Educational services  [61],2013,"22,110.50"
,,2014,"22,604.60"
,,2015,"22,912.60"
,,2016,"23,154.80"
,,2017,"23,682.70"
,,2018,"24,574.70"
,,2019,"25,400.30"
,,2020,"23,952.00"
,,2021,"25,866.40"
,,2022,"26,628.90"
,,2023,"26,423.20"
,Health care and social assistance  [62],2013,"31,528.60"
,,2014,"32,075.50"
,,2015,"32,085.90"
,,2016,"32,957.60"
,,2017,"33,178.20"
,,2018,"34,325.20"
,,2019,"35,751.70"
,,2020,"35,947.00"
,,2021,"38,912.50"
,,2022,"41,467.70"
,,2023,"41,207.00"
,"Arts, entertainment and recreation  [71]",2013,"3,045.80"
,,2014,"3,062.90"
,,2015,"3,007.60"
,,2016,"3,129.70"
,,2017,"3,145.60"
,,2018,"3,216.10"
,,2019,"3,404.30"
,,2020,"2,005.70"
,,2021,"2,540.40"
,,2022,"3,305.30"
,,2023,"3,582.90"
,Accommodation and food services  [72],2013,"7,911.60"
,,2014,"8,149.50"
,,2015,"8,585.20"
,,2016,"8,617.60"
,,2017,"8,810.90"
,,2018,"8,997.90"
,,2019,"9,267.40"
,,2020,"5,705.20"
,,2021,"6,479.30"
,,2022,"8,204.50"
,,2023,"8,673.50"
,Other services (except public administration)  [81],2013,"7,964.80"
,,2014,"8,143.40"
,,2015,"8,218.00"
,,2016,"8,256.50"
,,2017,"8,522.50"
,,2018,"8,639.70"
,,2019,"8,710.10"
,,2020,"7,825.10"
,,2021,"8,282.30"
,,2022,"9,096.70"
,,2023,"9,582.10"
,Public administration  [91],2013,"29,002.00"
,,2014,"29,019.30"
,,2015,"28,931.20"
,,2016,"29,408.00"
,,2017,"30,008.60"
,,2018,"30,961.80"
,,2019,"32,196.20"
,,2020,"31,989.70"
,,2021,"33,751.50"
,,2022,"34,111.80"
,,2023,"34,664.00"
Ontario,All industries  [T001] 5,2013,"692,661.80"
,,2014,"709,687.30"
,,2015,"728,448.00"
,,2016,"744,155.00"
,,2017,"764,465.00"
,,2018,"789,828.10"
,,2019,"807,583.10"
,,2020,"770,641.00"
,,2021,"818,746.10"
,,2022,"854,001.90"
,,2023,"874,424.90"
,"Agriculture, forestry, fishing and hunting  [11]",2013,"7,234.10"
,,2014,"7,337.40"
,,2015,"7,078.40"
,,2016,"6,942.30"
,,2017,"7,291.30"
,,2018,"7,547.30"
,,2019,"7,829.30"
,,2020,"8,262.80"
,,2021,"8,979.50"
,,2022,"9,017.60"
,,2023,"9,362.20"
,"Mining, quarrying, and oil and gas extraction  [21]",2013,"8,170.70"
,,2014,"7,897.10"
,,2015,"7,706.20"
,,2016,"7,797.50"
,,2017,"7,685.10"
,,2018,"7,680.60"
,,2019,"7,407.40"
,,2020,"6,567.10"
,,2021,"6,484.90"
,,2022,"7,602.90"
,,2023,"7,575.60"
,Utilities  [22],2013,"12,587.30"
,,2014,"13,459.10"
,,2015,"13,619.10"
,,2016,"14,536.40"
,,2017,"14,055.30"
,,2018,"14,330.40"
,,2019,"14,506.10"
,,2020,"14,434.40"
,,2021,"14,089.70"
,,2022,"15,207.10"
,,2023,"15,522.30"
,Construction  [23],2013,"46,160.50"
,,2014,"47,317.80"
,,2015,"50,369.50"
,,2016,"51,472.20"
,,2017,"52,856.10"
,,2018,"56,449.00"
,,2019,"56,884.00"
,,2020,"58,137.30"
,,2021,"61,681.20"
,,2022,"58,604.30"
,,2023,"57,926.50"
,Manufacturing  [31-33],2013,"84,671.80"
,,2014,"87,643.70"
,,2015,"90,431.80"
,,2016,"91,279.30"
,,2017,"91,847.60"
,,2018,"95,159.50"
,,2019,"94,617.30"
,,2020,"85,970.90"
,,2021,"92,448.90"
,,2022,"93,618.50"
,,2023,"93,813.60"
,Wholesale trade  [41],2013,"45,971.50"
,,2014,"46,817.30"
,,2015,"46,668.00"
,,2016,"47,165.70"
,,2017,"49,200.20"
,,2018,"50,914.90"
,,2019,"52,694.40"
,,2020,"52,543.40"
,,2021,"55,132.00"
,,2022,"57,226.00"
,,2023,"58,046.50"
,Retail trade  [44-45],2013,"33,743.30"
,,2014,"33,352.20"
,,2015,"33,129.60"
,,2016,"35,032.50"
,,2017,"36,197.30"
,,2018,"37,184.50"
,,2019,"38,208.70"
,,2020,"36,785.30"
,,2021,"38,735.90"
,,2022,"42,310.10"
,,2023,"42,915.30"
,Transportation and warehousing  [48-49],2013,"26,762.80"
,,2014,"28,300.10"
,,2015,"29,357.00"
,,2016,"29,912.80"
,,2017,"31,122.70"
,,2018,"31,685.80"
,,2019,"32,896.70"
,,2020,"23,940.50"
,,2021,"25,295.20"
,,2022,"30,812.90"
,,2023,"33,265.40"
,Information and cultural industries  [51],2013,"24,388.70"
,,2014,"25,866.00"
,,2015,"26,412.80"
,,2016,"27,839.50"
,,2017,"29,151.90"
,,2018,"30,609.70"
,,2019,"33,264.10"
,,2020,"32,860.60"
,,2021,"35,353.00"
,,2022,"35,584.30"
,,2023,"37,591.80"
,Finance and insurance  [52],2013,"58,074.10"
,,2014,"60,373.70"
,,2015,"63,780.80"
,,2016,"65,519.50"
,,2017,"71,039.20"
,,2018,"72,894.00"
,,2019,"75,322.90"
,,2020,"78,307.10"
,,2021,"84,915.60"
,,2022,"87,698.40"
,,2023,"88,409.30"
,Real estate and rental and leasing  [53],2013,"90,696.00"
,,2014,"91,461.70"
,,2015,"94,074.50"
,,2016,"96,674.20"
,,2017,"99,654.10"
,,2018,"101,778.70"
,,2019,"104,842.20"
,,2020,"106,650.40"
,,2021,"109,751.50"
,,2022,"108,715.60"
,,2023,"110,777.80"
,"Professional, scientific and technical services  [54]",2013,"45,470.40"
,,2014,"47,560.60"
,,2015,"49,286.80"
,,2016,"52,005.90"
,,2017,"53,985.70"
,,2018,"57,384.80"
,,2019,"59,802.70"
,,2020,"58,237.80"
,,2021,"64,969.20"
,,2022,"71,366.90"
,,2023,"75,049.20"
,Management of companies and enterprises  [55],2013,"4,770.20"
,,2014,"4,425.10"
,,2015,"5,005.70"
,,2016,"4,318.90"
,,2017,"4,045.60"
,,2018,"2,884.20"
,,2019,"2,288.80"
,,2020,"1,616.90"
,,2021,"1,138.50"
,,2022,768.2
,,2023,537.7
,"Administrative and support, waste management and remediation services  [56]",2013,"23,525.30"
,,2014,"24,760.00"
,,2015,"25,418.50"
,,2016,"25,332.80"
,,2017,"25,050.20"
,,2018,"26,167.40"
,,2019,"26,837.10"
,,2020,"23,492.80"
,,2021,"25,956.60"
,,2022,"28,008.00"
,,2023,"28,440.00"
,Educational services  [61],2013,"42,789.30"
,,2014,"43,601.50"
,,2015,"44,131.60"
,,2016,"44,113.20"
,,2017,"44,435.20"
,,2018,"45,880.80"
,,2019,"46,239.50"
,,2020,"44,003.50"
,,2021,"46,816.60"
,,2022,"47,936.80"
,,2023,"49,176.60"
,Health care and social assistance  [62],2013,"50,318.70"
,,2014,"50,642.30"
,,2015,"51,563.40"
,,2016,"52,886.50"
,,2017,"53,441.50"
,,2018,"55,169.70"
,,2019,"55,514.40"
,,2020,"53,872.80"
,,2021,"57,596.60"
,,2022,"59,818.70"
,,2023,"61,943.20"
,"Arts, entertainment and recreation  [71]",2013,"5,389.60"
,,2014,"5,793.00"
,,2015,"5,965.90"
,,2016,"6,094.90"
,,2017,"6,304.30"
,,2018,"6,334.60"
,,2019,"6,836.50"
,,2020,"4,335.00"
,,2021,"5,043.50"
,,2022,"6,922.50"
,,2023,"8,020.40"
,Accommodation and food services  [72],2013,"13,929.30"
,,2014,"14,870.00"
,,2015,"15,353.40"
,,2016,"15,754.60"
,,2017,"15,875.70"
,,2018,"16,399.70"
,,2019,"17,034.60"
,,2020,"10,277.00"
,,2021,"11,992.80"
,,2022,"17,075.50"
,,2023,"18,277.60"
,Other services (except public administration)  [81],2013,"13,908.80"
,,2014,"14,448.50"
,,2015,"14,711.30"
,,2016,"14,486.60"
,,2017,"15,011.40"
,,2018,"15,228.00"
,,2019,"15,390.40"
,,2020,"13,744.40"
,,2021,"14,267.70"
,,2022,"15,603.20"
,,2023,"16,193.90"
,Public administration  [91],2013,"54,318.50"
,,2014,"53,913.70"
,,2015,"54,336.00"
,,2016,"54,986.30"
,,2017,"56,214.70"
,,2018,"58,180.10"
,,2019,"59,280.00"
,,2020,"58,336.80"
,,2021,"60,498.90"
,,2022,"61,872.50"
,,2023,"63,491.40"
Manitoba,All industries  [T001] 5,2013,"61,112.30"
,,2014,"62,287.10"
,,2015,"63,030.50"
,,2016,"63,923.50"
,,2017,"66,007.20"
,,2018,"67,374.80"
,,2019,"68,087.80"
,,2020,"65,414.00"
,,2021,"66,463.70"
,,2022,"69,599.70"
,,2023,"71,378.60"
,"Agriculture, forestry, fishing and hunting  [11]",2013,"2,619.10"
,,2014,"2,266.80"
,,2015,"2,579.00"
,,2016,"2,608.50"
,,2017,"3,246.60"
,,2018,"3,146.40"
,,2019,"3,077.20"
,,2020,"3,192.20"
,,2021,"2,635.70"
,,2022,"3,329.00"
,,2023,"3,400.20"
,"Mining, quarrying, and oil and gas extraction  [21]",2013,"2,138.10"
,,2014,"2,059.90"
,,2015,"1,821.80"
,,2016,"1,710.90"
,,2017,"1,680.20"
,,2018,"1,565.30"
,,2019,"1,605.70"
,,2020,"1,508.90"
,,2021,"1,334.70"
,,2022,"1,309.40"
,,2023,"1,340.60"
,Utilities  [22],2013,"1,943.20"
,,2014,"1,973.20"
,,2015,"1,935.00"
,,2016,"2,108.50"
,,2017,"2,171.50"
,,2018,"2,198.20"
,,2019,"2,360.40"
,,2020,"2,454.10"
,,2021,"2,066.40"
,,2022,"2,347.80"
,,2023,"2,131.00"
,Construction  [23],2013,"4,150.20"
,,2014,"4,480.10"
,,2015,"4,695.90"
,,2016,"4,731.20"
,,2017,"4,886.30"
,,2018,"4,995.90"
,,2019,"4,910.30"
,,2020,"4,439.90"
,,2021,"4,347.90"
,,2022,"4,166.30"
,,2023,"4,357.80"
,Manufacturing  [31-33],2013,"6,942.00"
,,2014,"6,856.10"
,,2015,"6,361.60"
,,2016,"6,215.60"
,,2017,"6,452.30"
,,2018,"6,835.00"
,,2019,"6,757.00"
,,2020,"6,319.70"
,,2021,"6,420.30"
,,2022,"6,663.30"
,,2023,"6,883.20"
,Wholesale trade  [41],2013,"3,144.50"
,,2014,"3,364.90"
,,2015,"3,124.60"
,,2016,"3,097.30"
,,2017,"3,164.80"
,,2018,"3,221.90"
,,2019,"3,108.20"
,,2020,"3,139.80"
,,2021,"3,143.20"
,,2022,"3,261.40"
,,2023,"3,402.30"
,Retail trade  [44-45],2013,"3,262.80"
,,2014,"3,410.30"
,,2015,"3,578.10"
,,2016,"3,657.40"
,,2017,"3,744.20"
,,2018,"3,838.20"
,,2019,"3,910.00"
,,2020,"3,857.30"
,,2021,"4,050.60"
,,2022,"4,018.00"
,,2023,"4,111.40"
,Transportation and warehousing  [48-49],2013,"3,338.20"
,,2014,"3,507.30"
,,2015,"3,705.80"
,,2016,"3,768.60"
,,2017,"3,976.30"
,,2018,"4,148.10"
,,2019,"4,320.50"
,,2020,"3,594.80"
,,2021,"3,853.40"
,,2022,"4,255.20"
,,2023,"4,526.10"
,Information and cultural industries  [51],2013,"1,702.50"
,,2014,"1,708.00"
,,2015,"1,743.00"
,,2016,"1,762.90"
,,2017,"1,657.50"
,,2018,"1,759.70"
,,2019,"1,852.00"
,,2020,"1,846.10"
,,2021,"1,932.50"
,,2022,"2,051.60"
,,2023,"2,182.00"
,Finance and insurance  [52],2013,"3,161.90"
,,2014,"3,150.70"
,,2015,"3,348.50"
,,2016,"3,505.70"
,,2017,"3,715.80"
,,2018,"3,777.20"
,,2019,"3,842.50"
,,2020,"3,972.30"
,,2021,"4,216.80"
,,2022,"4,302.10"
,,2023,"4,414.60"
,Real estate and rental and leasing  [53],2013,"7,404.00"
,,2014,"7,751.30"
,,2015,"7,895.70"
,,2016,"8,094.60"
,,2017,"8,341.50"
,,2018,"8,567.20"
,,2019,"8,828.30"
,,2020,"9,137.50"
,,2021,"9,381.40"
,,2022,"9,586.50"
,,2023,"9,750.00"
,"Professional, scientific and technical services  [54]",2013,"1,983.50"
,,2014,"2,065.60"
,,2015,"2,106.30"
,,2016,"2,246.40"
,,2017,"2,229.60"
,,2018,"2,324.40"
,,2019,"2,346.00"
,,2020,"2,199.00"
,,2021,"2,314.40"
,,2022,"2,456.50"
,,2023,"2,548.10"
,Management of companies and enterprises  [55],2013,401.4
,,2014,357.4
,,2015,407.8
,,2016,346.3
,,2017,310.5
,,2018,232.2
,,2019,184
,,2020,129.9
,,2021,89.3
,,2022,58
,,2023,40.6
,"Administrative and support, waste management and remediation services  [56]",2013,"1,098.70"
,,2014,"1,123.20"
,,2015,"1,135.80"
,,2016,"1,174.30"
,,2017,"1,242.90"
,,2018,"1,261.70"
,,2019,"1,268.30"
,,2020,"1,100.50"
,,2021,"1,218.10"
,,2022,"1,470.10"
,,2023,"1,459.60"
,Educational services  [61],2013,"3,598.80"
,,2014,"3,704.30"
,,2015,"3,746.30"
,,2016,"3,781.40"
,,2017,"3,795.80"
,,2018,"3,870.50"
,,2019,"3,942.10"
,,2020,"3,962.80"
,,2021,"3,995.70"
,,2022,"4,071.30"
,,2023,"4,153.00"
,Health care and social assistance  [62],2013,"5,863.70"
,,2014,"6,060.00"
,,2015,"6,114.90"
,,2016,"6,271.10"
,,2017,"6,369.90"
,,2018,"6,465.10"
,,2019,"6,498.00"
,,2020,"6,292.50"
,,2021,"6,644.70"
,,2022,"6,824.80"
,,2023,"7,071.50"
,"Arts, entertainment and recreation  [71]",2013,446.2
,,2014,481.8
,,2015,511.7
,,2016,533.5
,,2017,563.1
,,2018,580.1
,,2019,581.2
,,2020,414.3
,,2021,498.8
,,2022,610.1
,,2023,676.9
,Accommodation and food services  [72],2013,"1,116.60"
,,2014,"1,193.80"
,,2015,"1,311.60"
,,2016,"1,351.30"
,,2017,"1,416.90"
,,2018,"1,423.60"
,,2019,"1,495.20"
,,2020,"1,015.40"
,,2021,"1,134.50"
,,2022,"1,413.30"
,,2023,"1,463.70"
,Other services (except public administration)  [81],2013,"1,163.20"
,,2014,"1,234.10"
,,2015,"1,238.60"
,,2016,"1,247.00"
,,2017,"1,285.30"
,,2018,"1,304.70"
,,2019,"1,322.10"
,,2020,"1,181.00"
,,2021,"1,244.50"
,,2022,"1,365.70"
,,2023,"1,415.00"
,Public administration  [91],2013,"5,631.70"
,,2014,"5,562.20"
,,2015,"5,672.90"
,,2016,"5,687.90"
,,2017,"5,756.20"
,,2018,"5,855.30"
,,2019,"5,846.60"
,,2020,"5,741.50"
,,2021,"5,937.80"
,,2022,"5,972.20"
,,2023,"6,010.10"
Saskatchewan,All industries  [T001] 5,2013,"72,559.70"
,,2014,"74,188.00"
,,2015,"73,721.10"
,,2016,"73,513.40"
,,2017,"75,302.30"
,,2018,"76,682.20"
,,2019,"76,141.00"
,,2020,"73,065.40"
,,2021,"71,476.10"
,,2022,"78,695.70"
,,2023,"81,041.90"
,"Agriculture, forestry, fishing and hunting  [11]",2013,"6,689.00"
,,2014,"5,339.80"
,,2015,"6,286.80"
,,2016,"6,961.00"
,,2017,"6,628.10"
,,2018,"6,651.10"
,,2019,"7,235.70"
,,2020,"7,298.80"
,,2021,"3,008.80"
,,2022,"6,970.60"
,,2023,"6,717.80"
,"Mining, quarrying, and oil and gas extraction  [21]",2013,"11,544.60"
,,2014,"12,527.40"
,,2015,"12,341.80"
,,2016,"11,951.30"
,,2017,"12,873.80"
,,2018,"13,403.30"
,,2019,"12,663.30"
,,2020,"11,600.40"
,,2021,"12,186.90"
,,2022,"12,641.10"
,,2023,"12,976.90"
,Utilities  [22],2013,"1,898.20"
,,2014,"1,905.00"
,,2015,"1,870.20"
,,2016,"1,969.10"
,,2017,"2,207.30"
,,2018,"2,258.50"
,,2019,"2,292.00"
,,2020,"2,253.50"
,,2021,"2,311.30"
,,2022,"2,441.10"
,,2023,"2,508.10"
,Construction  [23],2013,"7,533.70"
,,2014,"7,904.90"
,,2015,"7,084.40"
,,2016,"6,528.80"
,,2017,"6,528.90"
,,2018,"6,289.30"
,,2019,"5,658.90"
,,2020,"5,091.80"
,,2021,"5,046.40"
,,2022,"5,249.10"
,,2023,"5,763.00"
,Manufacturing  [31-33],2013,"4,751.50"
,,2014,"4,804.80"
,,2015,"4,440.60"
,,2016,"4,141.60"
,,2017,"4,291.70"
,,2018,"4,401.30"
,,2019,"4,442.00"
,,2020,"4,354.20"
,,2021,"4,583.70"
,,2022,"5,004.60"
,,2023,"5,328.80"
,Wholesale trade  [41],2013,"4,175.90"
,,2014,"4,428.30"
,,2015,"4,100.70"
,,2016,"4,136.00"
,,2017,"4,093.00"
,,2018,"4,242.30"
,,2019,"4,245.90"
,,2020,"4,270.80"
,,2021,"4,458.10"
,,2022,"4,388.70"
,,2023,"4,721.30"
,Retail trade  [44-45],2013,"3,421.50"
,,2014,"3,414.60"
,,2015,"3,380.30"
,,2016,"3,428.00"
,,2017,"3,510.90"
,,2018,"3,559.70"
,,2019,"3,576.00"
,,2020,"3,490.00"
,,2021,"3,742.80"
,,2022,"3,857.30"
,,2023,"3,910.80"
,Transportation and warehousing  [48-49],2013,"3,269.60"
,,2014,"3,476.50"
,,2015,"3,381.30"
,,2016,"3,306.40"
,,2017,"3,617.80"
,,2018,"3,600.60"
,,2019,"3,612.50"
,,2020,"3,217.30"
,,2021,"3,371.40"
,,2022,"3,541.30"
,,2023,"3,820.50"
,Information and cultural industries  [51],2013,"1,155.80"
,,2014,"1,149.90"
,,2015,"1,214.40"
,,2016,"1,250.40"
,,2017,"1,257.30"
,,2018,"1,300.00"
,,2019,"1,339.70"
,,2020,"1,401.30"
,,2021,"1,447.20"
,,2022,"1,563.00"
,,2023,"1,655.00"
,Finance and insurance  [52],2013,"2,467.50"
,,2014,"2,517.20"
,,2015,"2,584.20"
,,2016,"2,672.00"
,,2017,"2,843.40"
,,2018,"2,914.90"
,,2019,"2,991.80"
,,2020,"2,972.60"
,,2021,"3,221.10"
,,2022,"3,309.60"
,,2023,"3,464.30"
,Real estate and rental and leasing  [53],2013,"7,144.50"
,,2014,"7,413.60"
,,2015,"7,603.10"
,,2016,"7,736.70"
,,2017,"7,927.30"
,,2018,"8,092.70"
,,2019,"8,154.70"
,,2020,"8,223.60"
,,2021,"8,496.10"
,,2022,"8,488.30"
,,2023,"8,680.30"
,"Professional, scientific and technical services  [54]",2013,"2,157.40"
,,2014,"2,296.20"
,,2015,"2,171.60"
,,2016,"2,048.00"
,,2017,"2,008.10"
,,2018,"2,019.50"
,,2019,"2,037.90"
,,2020,"1,866.20"
,,2021,"2,021.50"
,,2022,"2,137.70"
,,2023,"2,251.70"
,Management of companies and enterprises  [55],2013,374
,,2014,350.9
,,2015,359.8
,,2016,304
,,2017,215.4
,,2018,164.1
,,2019,133.5
,,2020,91.7
,,2021,65.5
,,2022,43.6
,,2023,30.5
,"Administrative and support, waste management and remediation services  [56]",2013,923.3
,,2014,948.6
,,2015,973.4
,,2016,994.2
,,2017,983.6
,,2018,"1,011.00"
,,2019,959
,,2020,841.1
,,2021,914.4
,,2022,870.6
,,2023,874.8
,Educational services  [61],2013,"3,506.00"
,,2014,"3,550.00"
,,2015,"3,545.00"
,,2016,"3,551.30"
,,2017,"3,622.60"
,,2018,"3,679.00"
,,2019,"3,667.70"
,,2020,"3,556.50"
,,2021,"3,647.30"
,,2022,"3,889.00"
,,2023,"3,945.10"
,Health care and social assistance  [62],2013,"4,736.10"
,,2014,"4,817.80"
,,2015,"4,952.30"
,,2016,"4,978.00"
,,2017,"5,069.20"
,,2018,"5,230.80"
,,2019,"5,384.50"
,,2020,"5,356.60"
,,2021,"5,816.80"
,,2022,"5,884.10"
,,2023,"6,026.50"
,"Arts, entertainment and recreation  [71]",2013,467.5
,,2014,447.5
,,2015,454
,,2016,469.5
,,2017,485
,,2018,488
,,2019,487.1
,,2020,364
,,2021,409.5
,,2022,485
,,2023,507.4
,Accommodation and food services  [72],2013,"1,285.90"
,,2014,"1,306.20"
,,2015,"1,331.80"
,,2016,"1,339.40"
,,2017,"1,312.00"
,,2018,"1,313.70"
,,2019,"1,301.30"
,,2020,927.4
,,2021,"1,095.20"
,,2022,"1,279.50"
,,2023,"1,334.00"
,Other services (except public administration)  [81],2013,"1,192.70"
,,2014,"1,246.90"
,,2015,"1,237.90"
,,2016,"1,208.10"
,,2017,"1,217.00"
,,2018,"1,241.30"
,,2019,"1,269.50"
,,2020,"1,160.70"
,,2021,"1,249.50"
,,2022,"1,350.10"
,,2023,"1,414.30"
,Public administration  [91],2013,"4,217.00"
,,2014,"4,264.50"
,,2015,"4,394.10"
,,2016,"4,511.10"
,,2017,"4,609.90"
,,2018,"4,794.60"
,,2019,"4,812.50"
,,2020,"4,869.90"
,,2021,"5,004.80"
,,2022,"5,177.90"
,,2023,"5,205.50"
Alberta,All industries  [T001] 5,2013,"310,713.60"
,,2014,"328,652.10"
,,2015,"317,182.10"
,,2016,"306,203.40"
,,2017,"319,212.20"
,,2018,"325,597.90"
,,2019,"325,973.10"
,,2020,"299,800.00"
,,2021,"315,747.50"
,,2022,"333,969.30"
,,2023,"342,029.20"
,"Agriculture, forestry, fishing and hunting  [11]",2013,"6,022.20"
,,2014,"5,049.20"
,,2015,"5,307.70"
,,2016,"6,450.60"
,,2017,"6,637.70"
,,2018,"6,268.40"
,,2019,"6,606.40"
,,2020,"7,037.60"
,,2021,"4,784.40"
,,2022,"8,205.30"
,,2023,"7,284.50"
,"Mining, quarrying, and oil and gas extraction  [21]",2013,"47,894.00"
,,2014,"53,556.00"
,,2015,"52,229.60"
,,2016,"50,015.30"
,,2017,"56,856.30"
,,2018,"60,194.90"
,,2019,"59,746.40"
,,2020,"53,488.00"
,,2021,"57,602.50"
,,2022,"60,602.80"
,,2023,"62,250.90"
,Utilities  [22],2013,"4,402.00"
,,2014,"4,597.60"
,,2015,"4,480.50"
,,2016,"4,112.20"
,,2017,"4,491.40"
,,2018,"4,749.80"
,,2019,"5,004.60"
,,2020,"4,769.70"
,,2021,"4,949.00"
,,2022,"4,298.10"
,,2023,"4,335.20"
,Construction  [23],2013,"41,391.20"
,,2014,"42,959.70"
,,2015,"37,201.60"
,,2016,"29,896.70"
,,2017,"30,336.90"
,,2018,"29,508.30"
,,2019,"27,539.20"
,,2020,"23,670.40"
,,2021,"26,437.30"
,,2022,"29,562.60"
,,2023,"28,479.20"
,Manufacturing  [31-33],2013,"26,528.60"
,,2014,"26,802.80"
,,2015,"24,856.20"
,,2016,"24,101.00"
,,2017,"25,225.40"
,,2018,"25,942.10"
,,2019,"25,871.40"
,,2020,"23,358.00"
,,2021,"24,186.50"
,,2022,"24,605.80"
,,2023,"25,033.50"
,Wholesale trade  [41],2013,"16,734.20"
,,2014,"17,036.30"
,,2015,"14,906.80"
,,2016,"13,823.80"
,,2017,"14,485.10"
,,2018,"15,049.00"
,,2019,"15,499.50"
,,2020,"14,478.50"
,,2021,"15,906.50"
,,2022,"18,557.50"
,,2023,"18,945.60"
,Retail trade  [44-45],2013,"13,980.10"
,,2014,"14,691.20"
,,2015,"13,896.70"
,,2016,"13,745.10"
,,2017,"13,944.70"
,,2018,"14,190.10"
,,2019,"14,330.00"
,,2020,"13,724.40"
,,2021,"14,620.20"
,,2022,"14,981.80"
,,2023,"15,854.00"
,Transportation and warehousing  [48-49],2013,"13,340.80"
,,2014,"14,581.90"
,,2015,"14,710.60"
,,2016,"15,053.70"
,,2017,"16,304.20"
,,2018,"16,722.50"
,,2019,"17,613.30"
,,2020,"14,441.10"
,,2021,"15,725.20"
,,2022,"17,101.10"
,,2023,"18,272.00"
,Information and cultural industries  [51],2013,"6,825.00"
,,2014,"7,065.70"
,,2015,"6,929.60"
,,2016,"7,070.70"
,,2017,"7,101.20"
,,2018,"7,371.60"
,,2019,"7,367.10"
,,2020,"6,983.60"
,,2021,"7,311.60"
,,2022,"7,289.00"
,,2023,"7,719.90"
,Finance and insurance  [52],2013,"12,141.40"
,,2014,"12,539.70"
,,2015,"13,077.50"
,,2016,"13,327.10"
,,2017,"13,855.20"
,,2018,"13,780.70"
,,2019,"13,907.70"
,,2020,"13,921.30"
,,2021,"14,465.10"
,,2022,"14,252.50"
,,2023,"14,682.70"
,Real estate and rental and leasing  [53],2013,"31,986.00"
,,2014,"34,634.50"
,,2015,"35,666.30"
,,2016,"36,068.90"
,,2017,"36,949.50"
,,2018,"38,042.50"
,,2019,"38,685.50"
,,2020,"38,305.90"
,,2021,"39,991.40"
,,2022,"40,616.20"
,,2023,"41,430.80"
,"Professional, scientific and technical services  [54]",2013,"19,516.10"
,,2014,"20,891.30"
,,2015,"18,683.40"
,,2016,"16,936.30"
,,2017,"17,093.20"
,,2018,"16,503.50"
,,2019,"16,866.00"
,,2020,"16,380.30"
,,2021,"16,929.00"
,,2022,"17,853.50"
,,2023,"18,707.70"
,Management of companies and enterprises  [55],2013,"2,465.60"
,,2014,"2,352.90"
,,2015,"2,328.80"
,,2016,"1,931.70"
,,2017,"1,445.90"
,,2018,"1,073.50"
,,2019,848.6
,,2020,604.9
,,2021,419.6
,,2022,281.9
,,2023,197.3
,"Administrative and support, waste management and remediation services  [56]",2013,"8,475.90"
,,2014,"8,834.40"
,,2015,"8,915.70"
,,2016,"8,829.70"
,,2017,"8,324.40"
,,2018,"8,480.50"
,,2019,"8,382.90"
,,2020,"7,005.90"
,,2021,"7,488.20"
,,2022,"8,128.10"
,,2023,"8,375.70"
,Educational services  [61],2013,"11,775.70"
,,2014,"12,021.00"
,,2015,"12,063.60"
,,2016,"12,196.50"
,,2017,"12,840.80"
,,2018,"13,308.10"
,,2019,"13,426.30"
,,2020,"12,661.80"
,,2021,"12,589.80"
,,2022,"12,752.20"
,,2023,"13,027.80"
,Health care and social assistance  [62],2013,"18,244.80"
,,2014,"18,702.80"
,,2015,"19,247.40"
,,2016,"19,651.30"
,,2017,"20,050.20"
,,2018,"20,720.50"
,,2019,"20,999.80"
,,2020,"19,918.10"
,,2021,"21,211.90"
,,2022,"21,723.20"
,,2023,"22,675.80"
,"Arts, entertainment and recreation  [71]",2013,"1,545.60"
,,2014,"1,709.80"
,,2015,"1,772.80"
,,2016,"1,828.20"
,,2017,"2,051.70"
,,2018,"2,004.50"
,,2019,"2,042.20"
,,2020,"1,227.00"
,,2021,"1,464.70"
,,2022,"2,107.20"
,,2023,"2,299.00"
,Accommodation and food services  [72],2013,"7,127.30"
,,2014,"7,666.80"
,,2015,"7,424.00"
,,2016,"7,380.20"
,,2017,"7,361.00"
,,2018,"7,325.50"
,,2019,"7,354.00"
,,2020,"5,051.70"
,,2021,"5,705.10"
,,2022,"7,136.00"
,,2023,"7,625.30"
,Other services (except public administration)  [81],2013,"6,799.50"
,,2014,"7,017.90"
,,2015,"6,840.90"
,,2016,"6,362.80"
,,2017,"6,703.90"
,,2018,"6,743.10"
,,2019,"6,534.00"
,,2020,"5,649.90"
,,2021,"6,193.60"
,,2022,"6,725.50"
,,2023,"6,977.70"
,Public administration  [91],2013,"15,953.60"
,,2014,"15,931.30"
,,2015,"16,055.30"
,,2016,"16,855.80"
,,2017,"17,153.60"
,,2018,"17,504.50"
,,2019,"17,296.00"
,,2020,"17,072.30"
,,2021,"17,605.60"
,,2022,"17,516.30"
,,2023,"17,984.60"
British Columbia,All industries  [T001] 5,2013,"230,299.90"
,,2014,"238,400.20"
,,2015,"243,699.90"
,,2016,"250,904.20"
,,2017,"260,220.60"
,,2018,"270,142.40"
,,2019,"277,885.40"
,,2020,"269,240.00"
,,2021,"290,195.60"
,,2022,"303,796.60"
,,2023,"312,392.20"
,"Agriculture, forestry, fishing and hunting  [11]",2013,"5,943.60"
,,2014,"6,060.70"
,,2015,"6,291.50"
,,2016,"6,138.70"
,,2017,"6,272.10"
,,2018,"6,665.40"
,,2019,"6,113.00"
,,2020,"6,086.10"
,,2021,"6,241.10"
,,2022,"5,794.20"
,,2023,"5,392.50"
,"Mining, quarrying, and oil and gas extraction  [21]",2013,"10,055.00"
,,2014,"10,106.70"
,,2015,"9,845.60"
,,2016,"10,287.80"
,,2017,"10,369.70"
,,2018,"11,192.00"
,,2019,"10,663.00"
,,2020,"9,624.80"
,,2021,"10,261.10"
,,2022,"10,554.40"
,,2023,"11,133.40"
,Utilities  [22],2013,"5,212.90"
,,2014,"5,259.50"
,,2015,"5,392.80"
,,2016,"5,461.90"
,,2017,"5,573.70"
,,2018,"5,648.10"
,,2019,"5,702.80"
,,2020,"5,861.20"
,,2021,"5,859.80"
,,2022,"6,373.60"
,,2023,"5,920.80"
,Construction  [23],2013,"18,345.50"
,,2014,"19,700.30"
,,2015,"19,396.50"
,,2016,"19,258.10"
,,2017,"20,810.30"
,,2018,"22,278.40"
,,2019,"24,601.90"
,,2020,"25,476.20"
,,2021,"27,991.40"
,,2022,"29,433.60"
,,2023,"30,623.00"
,Manufacturing  [31-33],2013,"16,215.40"
,,2014,"17,058.30"
,,2015,"17,187.80"
,,2016,"18,122.50"
,,2017,"18,057.70"
,,2018,"18,319.40"
,,2019,"17,870.90"
,,2020,"16,761.60"
,,2021,"17,522.40"
,,2022,"17,349.80"
,,2023,"16,612.10"
,Wholesale trade  [41],2013,"9,384.80"
,,2014,"9,710.10"
,,2015,"9,516.40"
,,2016,"9,808.60"
,,2017,"10,161.40"
,,2018,"10,418.00"
,,2019,"10,768.60"
,,2020,"10,824.30"
,,2021,"11,306.90"
,,2022,"11,352.30"
,,2023,"10,779.30"
,Retail trade  [44-45],2013,"12,961.80"
,,2014,"13,595.30"
,,2015,"14,049.70"
,,2016,"14,761.10"
,,2017,"15,412.10"
,,2018,"15,918.50"
,,2019,"16,287.50"
,,2020,"16,097.10"
,,2021,"17,203.40"
,,2022,"17,553.00"
,,2023,"17,743.20"
,Transportation and warehousing  [48-49],2013,"12,678.20"
,,2014,"13,458.90"
,,2015,"13,961.60"
,,2016,"14,090.40"
,,2017,"15,589.20"
,,2018,"15,915.30"
,,2019,"16,061.80"
,,2020,"11,839.00"
,,2021,"12,896.40"
,,2022,"15,185.10"
,,2023,"16,244.20"
,Information and cultural industries  [51],2013,"7,018.80"
,,2014,"7,340.60"
,,2015,"7,428.10"
,,2016,"7,808.70"
,,2017,"8,262.40"
,,2018,"8,617.70"
,,2019,"9,194.40"
,,2020,"9,018.20"
,,2021,"10,047.80"
,,2022,"10,643.90"
,,2023,"11,017.60"
,Finance and insurance  [52],2013,"12,383.50"
,,2014,"12,581.40"
,,2015,"13,134.50"
,,2016,"13,989.60"
,,2017,"14,886.60"
,,2018,"15,378.70"
,,2019,"15,538.10"
,,2020,"16,371.70"
,,2021,"17,983.00"
,,2022,"17,991.80"
,,2023,"18,213.50"
,Real estate and rental and leasing  [53],2013,"40,516.70"
,,2014,"42,015.90"
,,2015,"43,656.10"
,,2016,"45,323.70"
,,2017,"46,665.10"
,,2018,"47,796.50"
,,2019,"49,697.10"
,,2020,"51,585.80"
,,2021,"54,079.20"
,,2022,"54,782.60"
,,2023,"56,495.20"
,"Professional, scientific and technical services  [54]",2013,"13,695.40"
,,2014,"14,708.50"
,,2015,"15,488.90"
,,2016,"15,984.80"
,,2017,"16,945.70"
,,2018,"18,032.30"
,,2019,"19,141.70"
,,2020,"19,533.10"
,,2021,"22,494.50"
,,2022,"25,185.50"
,,2023,"26,681.30"
,Management of companies and enterprises  [55],2013,"1,371.00"
,,2014,"1,257.10"
,,2015,"1,281.00"
,,2016,"1,087.30"
,,2017,934.1
,,2018,728.5
,,2019,609.9
,,2020,429.7
,,2021,330.7
,,2022,241.4
,,2023,169
,"Administrative and support, waste management and remediation services  [56]",2013,"6,000.50"
,,2014,"6,313.50"
,,2015,"6,537.40"
,,2016,"6,757.10"
,,2017,"6,771.60"
,,2018,"6,988.20"
,,2019,"7,058.90"
,,2020,"6,014.00"
,,2021,"6,627.30"
,,2022,"7,478.00"
,,2023,"7,803.30"
,Educational services  [61],2013,"12,714.30"
,,2014,"12,443.10"
,,2015,"12,953.60"
,,2016,"13,074.60"
,,2017,"13,205.00"
,,2018,"13,909.10"
,,2019,"14,423.80"
,,2020,"14,523.10"
,,2021,"14,958.10"
,,2022,"15,344.90"
,,2023,"15,822.60"
,Health care and social assistance  [62],2013,"17,382.30"
,,2014,"17,754.80"
,,2015,"18,030.20"
,,2016,"18,397.90"
,,2017,"18,790.90"
,,2018,"19,573.20"
,,2019,"20,293.40"
,,2020,"20,704.80"
,,2021,"22,519.70"
,,2022,"23,310.50"
,,2023,"24,782.30"
,"Arts, entertainment and recreation  [71]",2013,"2,021.70"
,,2014,"2,135.10"
,,2015,"2,204.10"
,,2016,"2,247.40"
,,2017,"2,492.30"
,,2018,"2,718.00"
,,2019,"2,780.00"
,,2020,"1,900.20"
,,2021,"2,274.20"
,,2022,"2,726.60"
,,2023,"2,858.80"
,Accommodation and food services  [72],2013,"6,831.70"
,,2014,"7,276.90"
,,2015,"7,508.00"
,,2016,"8,155.70"
,,2017,"8,355.50"
,,2018,"8,729.10"
,,2019,"9,153.60"
,,2020,"6,288.50"
,,2021,"7,841.20"
,,2022,"9,686.60"
,,2023,"9,965.50"
,Other services (except public administration)  [81],2013,"5,311.50"
,,2014,"5,551.50"
,,2015,"5,591.50"
,,2016,"5,715.10"
,,2017,"5,924.30"
,,2018,"6,075.20"
,,2019,"6,204.40"
,,2020,"5,463.50"
,,2021,"5,996.00"
,,2022,"6,431.20"
,,2023,"6,752.30"
,Public administration  [91],2013,"14,358.90"
,,2014,"14,191.40"
,,2015,"14,236.30"
,,2016,"14,487.10"
,,2017,"14,740.80"
,,2018,"15,268.70"
,,2019,"15,684.10"
,,2020,"15,180.70"
,,2021,"16,256.10"
,,2022,"17,020.50"
,,2023,"17,786.10"
Yukon,All industries  [T001] 5,2013,"2,738.80"
,,2014,"2,758.90"
,,2015,"2,551.50"
,,2016,"2,736.50"
,,2017,"2,781.00"
,,2018,"2,857.30"
,,2019,"2,825.00"
,,2020,"2,872.10"
,,2021,"3,155.10"
,,2022,"3,258.10"
,,2023,"3,305.80"
,"Agriculture, forestry, fishing and hunting  [11]",2013,5.5
,,2014,5.9
,,2015,5.7
,,2016,6.2
,,2017,5.9
,,2018,6.2
,,2019,8.2
,,2020,8.2
,,2021,7.1
,,2022,6.1
,,2023,6.1
,"Mining, quarrying, and oil and gas extraction  [21]",2013,340.7
,,2014,321.7
,,2015,209
,,2016,309.3
,,2017,236.3
,,2018,194.7
,,2019,151.2
,,2020,268.9
,,2021,374.2
,,2022,272
,,2023,251.3
,Utilities  [22],2013,37.5
,,2014,40.3
,,2015,39.6
,,2016,41.1
,,2017,45.3
,,2018,47.5
,,2019,47.6
,,2020,57.9
,,2021,59.6
,,2022,60.1
,,2023,59.8
,Construction  [23],2013,244.6
,,2014,261.4
,,2015,215.8
,,2016,223.7
,,2017,279.2
,,2018,328.8
,,2019,300
,,2020,255
,,2021,290.6
,,2022,369.2
,,2023,382.2
,Manufacturing  [31-33],2013,18.2
,,2014,16.4
,,2015,18.5
,,2016,20.9
,,2017,20
,,2018,19.6
,,2019,17.1
,,2020,18.9
,,2021,23
,,2022,23.5
,,2023,22.3
,Wholesale trade  [41],2013,48.7
,,2014,37.8
,,2015,33
,,2016,34.6
,,2017,37.6
,,2018,46.7
,,2019,43.2
,,2020,42.2
,,2021,52.3
,,2022,55.6
,,2023,56.1
,Retail trade  [44-45],2013,141.9
,,2014,146.4
,,2015,138.7
,,2016,144.9
,,2017,149.2
,,2018,156.4
,,2019,161.6
,,2020,163.3
,,2021,172.7
,,2022,176.3
,,2023,182.9
,Transportation and warehousing  [48-49],2013,74.7
,,2014,76.6
,,2015,78.1
,,2016,87.9
,,2017,89.7
,,2018,88.4
,,2019,90.9
,,2020,59.2
,,2021,73.1
,,2022,89.9
,,2023,98.4
,Information and cultural industries  [51],2013,78.2
,,2014,81.2
,,2015,71.6
,,2016,77.9
,,2017,104.7
,,2018,93.7
,,2019,99.9
,,2020,92.4
,,2021,86.5
,,2022,87.9
,,2023,92.6
,Finance and insurance  [52],2013,74
,,2014,72.9
,,2015,70
,,2016,73.8
,,2017,72.9
,,2018,74.3
,,2019,73.6
,,2020,76
,,2021,75
,,2022,73.2
,,2023,75.1
,Real estate and rental and leasing  [53],2013,361.4
,,2014,373.4
,,2015,386.1
,,2016,396
,,2017,407.3
,,2018,418.1
,,2019,424.8
,,2020,428.3
,,2021,436.8
,,2022,441.5
,,2023,448.1
,"Professional, scientific and technical services  [54]",2013,87.4
,,2014,89.6
,,2015,93.4
,,2016,84.6
,,2017,79.5
,,2018,86.7
,,2019,87
,,2020,83.7
,,2021,93.4
,,2022,103.1
,,2023,102.3
,Management of companies and enterprises  [55],2013,7.8
,,2014,6.8
,,2015,6.6
,,2016,5.5
,,2017,4.3
,,2018,3.5
,,2019,2.8
,,2020,1.8
,,2021,1.2
,,2022,0.9
,,2023,0.6
,"Administrative and support, waste management and remediation services  [56]",2013,35.2
,,2014,37.1
,,2015,36.4
,,2016,35.3
,,2017,33.6
,,2018,35.3
,,2019,34.9
,,2020,31.5
,,2021,33.9
,,2022,36.8
,,2023,38.8
,Educational services  [61],2013,155.3
,,2014,158.1
,,2015,138.4
,,2016,141
,,2017,148.6
,,2018,152.9
,,2019,157.6
,,2020,159
,,2021,165
,,2022,181.8
,,2023,184.4
,Health care and social assistance  [62],2013,224.8
,,2014,229.4
,,2015,230.6
,,2016,243.6
,,2017,248.5
,,2018,256.5
,,2019,258.4
,,2020,262.8
,,2021,275.3
,,2022,298
,,2023,307.1
,"Arts, entertainment and recreation  [71]",2013,12.4
,,2014,12.3
,,2015,14.4
,,2016,15.9
,,2017,16.4
,,2018,16.1
,,2019,16.2
,,2020,13.2
,,2021,15.2
,,2022,15.1
,,2023,16.6
,Accommodation and food services  [72],2013,89.8
,,2014,87.1
,,2015,85.6
,,2016,91.3
,,2017,96.5
,,2018,98.9
,,2019,113.9
,,2020,74.7
,,2021,89.8
,,2022,123.3
,,2023,125.7
,Other services (except public administration)  [81],2013,41.4
,,2014,40.7
,,2015,37.8
,,2016,41.4
,,2017,42.3
,,2018,44.7
,,2019,46.7
,,2020,45.3
,,2021,49.2
,,2022,51
,,2023,52.4
,Public administration  [91],2013,654.7
,,2014,659.7
,,2015,647.2
,,2016,661.5
,,2017,663.1
,,2018,687.7
,,2019,690
,,2020,701.8
,,2021,724.9
,,2022,764.9
,,2023,779.8
Northwest Territories,All industries  [T001] 5,2013,"4,175.70"
,,2014,"4,373.20"
,,2015,"4,391.80"
,,2016,"4,328.90"
,,2017,"4,476.70"
,,2018,"4,538.90"
,,2019,"4,345.00"
,,2020,"3,969.50"
,,2021,"4,095.20"
,,2022,"4,082.20"
,,2023,"4,099.30"
,"Agriculture, forestry, fishing and hunting  [11]",2013,21.6
,,2014,21.4
,,2015,20.3
,,2016,21.4
,,2017,22.9
,,2018,21.6
,,2019,22.4
,,2020,22.7
,,2021,22.4
,,2022,24.2
,,2023,25.8
,"Mining, quarrying, and oil and gas extraction  [21]",2013,775.6
,,2014,860.3
,,2015,797.4
,,2016,795.2
,,2017,"1,063.00"
,,2018,"1,055.40"
,,2019,891.4
,,2020,710.3
,,2021,810.1
,,2022,720.7
,,2023,674.5
,Utilities  [22],2013,80.7
,,2014,81.1
,,2015,73.6
,,2016,67.9
,,2017,73.4
,,2018,74.4
,,2019,70.9
,,2020,70.6
,,2021,70.3
,,2022,68.8
,,2023,65.8
,Construction  [23],2013,399.2
,,2014,418.3
,,2015,549.9
,,2016,465.5
,,2017,346.1
,,2018,360
,,2019,291.8
,,2020,278.1
,,2021,268.1
,,2022,271.2
,,2023,307.6
,Manufacturing  [31-33],2013,15.7
,,2014,16.7
,,2015,17
,,2016,17
,,2017,13.6
,,2018,13.3
,,2019,15.9
,,2020,16
,,2021,13.3
,,2022,17.9
,,2023,15.3
,Wholesale trade  [41],2013,126
,,2014,129
,,2015,130.9
,,2016,127
,,2017,127.8
,,2018,126.2
,,2019,110.4
,,2020,64
,,2021,41.9
,,2022,50.7
,,2023,53.2
,Retail trade  [44-45],2013,185.2
,,2014,194.7
,,2015,199.3
,,2016,176.5
,,2017,180.1
,,2018,188.3
,,2019,188.2
,,2020,192.2
,,2021,201.9
,,2022,192.9
,,2023,196.2
,Transportation and warehousing  [48-49],2013,264.6
,,2014,298.4
,,2015,290.4
,,2016,290
,,2017,248.3
,,2018,253.8
,,2019,270.8
,,2020,163
,,2021,170.6
,,2022,227.9
,,2023,248.5
,Information and cultural industries  [51],2013,116
,,2014,110.6
,,2015,110.8
,,2016,126.3
,,2017,132.5
,,2018,136.2
,,2019,136.1
,,2020,122.1
,,2021,109.5
,,2022,108.5
,,2023,111
,Finance and insurance  [52],2013,127
,,2014,125.9
,,2015,128.2
,,2016,125.2
,,2017,131.4
,,2018,134
,,2019,130.4
,,2020,128.5
,,2021,125.4
,,2022,114.1
,,2023,114.1
,Real estate and rental and leasing  [53],2013,387.7
,,2014,387.5
,,2015,395.6
,,2016,407.1
,,2017,418.7
,,2018,431.6
,,2019,433.3
,,2020,441.6
,,2021,453.9
,,2022,452.1
,,2023,453.4
,"Professional, scientific and technical services  [54]",2013,106.5
,,2014,112.9
,,2015,108.7
,,2016,105.6
,,2017,94.4
,,2018,91.6
,,2019,109.5
,,2020,105.6
,,2021,105.3
,,2022,90.6
,,2023,92.5
,Management of companies and enterprises  [55],2013,37.4
,,2014,34
,,2015,32.1
,,2016,25.9
,,2017,20.8
,,2018,15.4
,,2019,12.2
,,2020,4.3
,,2021,2.9
,,2022,2
,,2023,1.4
,"Administrative and support, waste management and remediation services  [56]",2013,77.3
,,2014,73.6
,,2015,74.3
,,2016,64
,,2017,60.7
,,2018,59.6
,,2019,63.3
,,2020,56
,,2021,62.7
,,2022,73.3
,,2023,75.5
,Educational services  [61],2013,305.4
,,2014,304.3
,,2015,281.1
,,2016,292.7
,,2017,285.4
,,2018,281.1
,,2019,278.1
,,2020,281
,,2021,273.4
,,2022,232.4
,,2023,228.4
,Health care and social assistance  [62],2013,308.3
,,2014,317.7
,,2015,320.9
,,2016,350
,,2017,358.3
,,2018,363.1
,,2019,367.5
,,2020,370.7
,,2021,370.7
,,2022,381.2
,,2023,397
,"Arts, entertainment and recreation  [71]",2013,17.4
,,2014,13.5
,,2015,11.6
,,2016,10.6
,,2017,12.5
,,2018,10.9
,,2019,11.3
,,2020,6.3
,,2021,7.2
,,2022,9.8
,,2023,10.8
,Accommodation and food services  [72],2013,101
,,2014,90.6
,,2015,98.4
,,2016,101.9
,,2017,106.3
,,2018,101.6
,,2019,96.9
,,2020,68.3
,,2021,84
,,2022,90.8
,,2023,101.4
,Other services (except public administration)  [81],2013,56.5
,,2014,61
,,2015,60.3
,,2016,59.8
,,2017,60.3
,,2018,64
,,2019,65
,,2020,66.5
,,2021,72.6
,,2022,73.1
,,2023,69.9
,Public administration  [91],2013,674.2
,,2014,696.9
,,2015,699.4
,,2016,705.8
,,2017,720.2
,,2018,757.1
,,2019,781.7
,,2020,805.9
,,2021,830.7
,,2022,907.9
,,2023,912
Nunavut,All industries  [T001] 5,2013,"2,534.40"
,,2014,"2,509.60"
,,2015,"2,497.70"
,,2016,"2,626.70"
,,2017,"2,969.70"
,,2018,"3,105.90"
,,2019,"3,340.30"
,,2020,"3,416.40"
,,2021,"3,645.20"
,,2022,"3,737.80"
,,2023,"3,877.80"
,"Agriculture, forestry, fishing and hunting  [11]",2013,9.7
,,2014,5.8
,,2015,9.7
,,2016,9
,,2017,24
,,2018,13.3
,,2019,39.8
,,2020,31.4
,,2021,19.1
,,2022,32.5
,,2023,31.9
,"Mining, quarrying, and oil and gas extraction  [21]",2013,541.5
,,2014,585.6
,,2015,511.5
,,2016,552.3
,,2017,731.9
,,2018,733.4
,,2019,898.5
,,2020,"1,122.00"
,,2021,"1,245.50"
,,2022,"1,332.10"
,,2023,"1,387.10"
,Utilities  [22],2013,60.9
,,2014,63.6
,,2015,63.6
,,2016,60.4
,,2017,61.8
,,2018,62.8
,,2019,64
,,2020,64.8
,,2021,66.2
,,2022,65
,,2023,66.3
,Construction  [23],2013,269
,,2014,221.5
,,2015,225.9
,,2016,256.1
,,2017,339.5
,,2018,414.2
,,2019,407.3
,,2020,241.8
,,2021,264.3
,,2022,239.3
,,2023,310.6
,Manufacturing  [31-33],2013,13
,,2014,13.9
,,2015,17
,,2016,13.9
,,2017,11.2
,,2018,14.2
,,2019,17.2
,,2020,13.2
,,2021,21.9
,,2022,18.5
,,2023,16.2
,Wholesale trade  [41],2013,34.3
,,2014,25.5
,,2015,22.8
,,2016,27.4
,,2017,44.2
,,2018,35.8
,,2019,43
,,2020,40.5
,,2021,49
,,2022,41.3
,,2023,39.5
,Retail trade  [44-45],2013,98.6
,,2014,100.8
,,2015,100.5
,,2016,109
,,2017,105
,,2018,108.3
,,2019,108.5
,,2020,114.1
,,2021,115
,,2022,113.7
,,2023,116.2
,Transportation and warehousing  [48-49],2013,57.5
,,2014,61.4
,,2015,64.3
,,2016,69.3
,,2017,69.5
,,2018,75.2
,,2019,78.9
,,2020,58.3
,,2021,52.2
,,2022,78.3
,,2023,88.8
,Information and cultural industries  [51],2013,56.5
,,2014,54.7
,,2015,52.4
,,2016,61.7
,,2017,73.8
,,2018,82.6
,,2019,86
,,2020,77
,,2021,72.5
,,2022,66.4
,,2023,68.6
,Finance and insurance  [52],2013,41.7
,,2014,40.6
,,2015,41
,,2016,41.7
,,2017,40.3
,,2018,41.5
,,2019,40.3
,,2020,35.5
,,2021,36.6
,,2022,33
,,2023,33.2
,Real estate and rental and leasing  [53],2013,278.3
,,2014,270.5
,,2015,271.6
,,2016,280.2
,,2017,288.2
,,2018,295.7
,,2019,295.6
,,2020,296.3
,,2021,295.5
,,2022,299.8
,,2023,297.7
,"Professional, scientific and technical services  [54]",2013,34.9
,,2014,33.7
,,2015,30.7
,,2016,30.8
,,2017,35
,,2018,37.4
,,2019,40.6
,,2020,40.8
,,2021,40.2
,,2022,35.8
,,2023,34.7
,Management of companies and enterprises  [55],2013,12.1
,,2014,10.9
,,2015,10.8
,,2016,9.2
,,2017,7.7
,,2018,5.6
,,2019,4.4
,,2020,3.1
,,2021,2
,,2022,1.4
,,2023,1
,"Administrative and support, waste management and remediation services  [56]",2013,60.1
,,2014,58.6
,,2015,59.3
,,2016,62.1
,,2017,61.6
,,2018,63.5
,,2019,62.8
,,2020,62.5
,,2021,62.4
,,2022,68.3
,,2023,68.7
,Educational services  [61],2013,179.9
,,2014,182.9
,,2015,197
,,2016,195.2
,,2017,192.5
,,2018,195.8
,,2019,200.8
,,2020,191.7
,,2021,202.3
,,2022,205.9
,,2023,205.1
,Health care and social assistance  [62],2013,169.8
,,2014,169.1
,,2015,180.6
,,2016,184.7
,,2017,192.9
,,2018,195
,,2019,190.7
,,2020,242.4
,,2021,257.8
,,2022,254.5
,,2023,264.1
,"Arts, entertainment and recreation  [71]",2013,2.6
,,2014,1.5
,,2015,1.4
,,2016,1.5
,,2017,2.3
,,2018,2.3
,,2019,2.6
,,2020,1.4
,,2021,1.6
,,2022,1.8
,,2023,1.9
,Accommodation and food services  [72],2013,29.3
,,2014,25.7
,,2015,28.3
,,2016,31.2
,,2017,31.4
,,2018,36.7
,,2019,46.4
,,2020,38.8
,,2021,59.4
,,2022,75.3
,,2023,77.2
,Other services (except public administration)  [81],2013,28.5
,,2014,28.4
,,2015,27.7
,,2016,27.4
,,2017,29.6
,,2018,33.1
,,2019,34.5
,,2020,38.3
,,2021,42.2
,,2022,48.4
,,2023,49.8
,Public administration  [91],2013,549.5
,,2014,554.1
,,2015,574.8
,,2016,597.5
,,2017,627.3
,,2018,657.8
,,2019,675.8
,,2020,651.2
,,2021,672
,,2022,646.2
,,2023,636.1
